cbsa23,cbsaname23,li_lihtc_units,new_permits_total,cbsatype23
0.0,,282.3333333333333,,
10100.0,"aberdeen, sd",0.0,88.0,micro
10140.0,"aberdeen, wa",0.0,297.0,micro
10180.0,"abilene, tx",0.0,520.0,metro
10220.0,"ada, ok",0.0,2.0,micro
10300.0,"adrian, mi",0.0,137.0,micro
10380.0,"aguadilla, pr",0.0,,metro
10420.0,"akron, oh",0.0,1310.0,metro
10460.0,"alamogordo, nm",0.0,6.0,micro
10480.0,"alamosa, co",0.0,90.0,micro
10500.0,"albany, ga",0.0,206.0,metro
10540.0,"albany, or",0.0,311.0,metro
10580.0,"albany-schenectady-troy, ny",80.33333333333333,2401.0,metro
10620.0,"albemarle, nc",0.0,367.0,micro
10660.0,"albert lea, mn",0.0,16.0,micro
10700.0,"albertville, al",0.0,163.0,micro
10740.0,"albuquerque, nm",0.0,2897.0,metro
10760.0,"alexander city, al",0.0,218.0,micro
10780.0,"alexandria, la",0.0,244.0,metro
10820.0,"alexandria, mn",0.0,285.0,micro
10860.0,"alice, tx",0.0,6.0,micro
10900.0,"allentown-bethlehem-easton, pa-nj",0.0,2142.0,metro
10940.0,"alma, mi",0.0,47.0,micro
10980.0,"alpena, mi",0.0,46.0,micro
11020.0,"altoona, pa",0.0,99.0,metro
11060.0,"altus, ok",0.0,8.0,micro
11100.0,"amarillo, tx",0.0,1298.0,metro
11140.0,"americus, ga",0.0,57.0,micro
11180.0,"ames, ia",0.0,276.0,metro
11200.0,"amherst town-northampton, ma",19.5,349.0,metro
11220.0,"amsterdam, ny",0.0,210.0,micro
11260.0,"anchorage, ak",0.0,397.0,metro
11360.0,"anderson creek, nc",0.0,2080.0,micro
11380.0,"andrews, tx",0.0,72.0,micro
11420.0,"angola, in",0.0,209.0,micro
11460.0,"ann arbor, mi",0.0,996.0,metro
11500.0,"anniston-oxford, al",0.0,135.0,metro
11540.0,"appleton, wi",0.0,651.0,metro
11580.0,"arcadia, fl",0.0,71.0,micro
11620.0,"ardmore, ok",0.0,73.0,micro
11640.0,"arecibo, pr",0.0,,metro
11660.0,"arkadelphia, ar",0.0,12.0,micro
11680.0,"arkansas city-winfield, ks",0.0,41.0,micro
11700.0,"asheville, nc",0.0,5048.0,metro
11740.0,"ashland, oh",0.0,61.0,micro
11820.0,"astoria, or",0.0,98.0,micro
11860.0,"atchison, ks",0.0,12.0,micro
11900.0,"athens, oh",0.0,5.0,micro
11940.0,"athens, tn",0.0,139.0,micro
11980.0,"athens, tx",0.0,263.0,micro
12020.0,"athens-clarke county, ga",0.0,1836.0,metro
12060.0,"atlanta-sandy springs-roswell, ga",29.0,40700.0,metro
12100.0,"atlantic city-hammonton, nj",131.33333333333334,1549.0,metro
12140.0,"auburn, in",0.0,116.0,micro
12180.0,"auburn, ny",0.0,161.0,micro
12220.0,"auburn-opelika, al",0.0,1863.0,metro
12260.0,"augusta-richmond county, ga-sc",0.0,4658.0,metro
12300.0,"augusta-waterville, me",28.5,460.0,micro
12380.0,"austin, mn",0.0,53.0,micro
12420.0,"austin-round rock-san marcos, tx",1097.25,32304.0,metro
12460.0,"bainbridge, ga",0.0,138.0,micro
12520.0,"baker city, or",0.0,28.0,micro
12540.0,"bakersfield-delano, ca",20.0,3244.0,metro
12580.0,"baltimore-columbia-towson, md",328.75,6247.0,metro
12620.0,"bangor, me",0.0,440.0,metro
12660.0,"baraboo, wi",0.0,527.0,micro
12700.0,"barnstable town, ma",15.0,657.0,metro
12740.0,"barre, vt",7.0,185.0,micro
12780.0,"bartlesville, ok",0.0,46.0,micro
12860.0,"batavia, ny",0.0,55.0,micro
12900.0,"batesville, ar",0.0,33.0,micro
12940.0,"baton rouge, la",0.0,4078.0,metro
12980.0,"battle creek, mi",0.0,132.0,metro
13020.0,"bay city, mi",50.0,39.0,metro
13060.0,"bay city, tx",0.0,153.0,micro
13100.0,"beatrice, ne",0.0,41.0,micro
13140.0,"beaumont-port arthur, tx",0.0,936.0,metro
13180.0,"beaver dam, wi",0.0,229.0,micro
13220.0,"beckley, wv",0.0,67.0,metro
13260.0,"bedford, in",0.0,8.0,micro
13300.0,"beeville, tx",0.0,15.0,micro
13340.0,"bellefontaine, oh",0.0,121.0,micro
13380.0,"bellingham, wa",0.0,1190.0,metro
13420.0,"bemidji, mn",0.0,165.0,micro
13460.0,"bend, or",45.5,1874.0,metro
13540.0,"bennington, vt",0.0,59.0,micro
13660.0,"big rapids, mi",0.0,116.0,micro
13700.0,"big spring, tx",0.0,69.0,micro
13740.0,"billings, mt",31.0,1452.0,metro
13780.0,"binghamton, ny",46.5,479.0,metro
13820.0,"birmingham, al",0.0,3748.0,metro
13860.0,"bishop, ca",0.0,18.0,micro
13900.0,"bismarck, nd",58.5,354.0,metro
13940.0,"blackfoot, id",0.0,251.0,micro
13980.0,"blacksburg-christiansburg-radford, va",40.0,484.0,metro
14010.0,"bloomington, il",0.0,247.0,metro
14020.0,"bloomington, in",157.75,992.0,metro
14100.0,"bloomsburg-berwick, pa",0.0,82.0,micro
14140.0,"bluefield, wv-va",0.0,8.0,micro
14180.0,"blytheville, ar",0.0,69.0,micro
14220.0,"bogalusa, la",0.0,10.0,micro
14260.0,"boise city, id",0.0,9069.0,metro
14300.0,"bonham, tx",0.0,82.0,micro
14380.0,"boone, nc",0.0,296.0,micro
14420.0,"borger, tx",0.0,2.0,micro
14460.0,"boston-cambridge-newton, ma-nh",660.3333333333334,11349.0,metro
14500.0,"boulder, co",279.5,1688.0,metro
14540.0,"bowling green, ky",0.0,2296.0,metro
14580.0,"bozeman, mt",114.66666666666667,1706.0,metro
14620.0,"bradford, pa",0.0,29.0,micro
14660.0,"brainerd, mn",0.0,705.0,micro
14700.0,"branson, mo",0.0,331.0,micro
14710.0,"brattleboro, vt",0.0,188.0,micro
14720.0,"breckenridge, co",0.0,363.0,micro
14740.0,"bremerton-silverdale-port orchard, wa",0.0,1294.0,metro
14780.0,"brenham, tx",0.0,111.0,micro
14820.0,"brevard, nc",0.0,217.0,micro
14860.0,"bridgeport-stamford-danbury, ct",,2003.0,
14940.0,"brigham city, ut-id",0.0,501.0,micro
15020.0,"brookhaven, ms",0.0,10.0,micro
15060.0,"brookings, or",0.0,52.0,micro
15100.0,"brookings, sd",0.0,224.0,micro
15180.0,"brownsville-harlingen, tx",0.0,2326.0,metro
15220.0,"brownwood, tx",0.0,142.0,micro
15260.0,"brunswick-st. simons, ga",0.0,,metro
15260.0,"brunswick-st.simons, ga",,910.0,metro
15340.0,"bucyrus, oh",0.0,8.0,micro
15380.0,"buffalo-cheektowaga, ny",172.66666666666666,1411.0,metro
15420.0,"burley, id",0.0,284.0,micro
15460.0,"burlington, ia-il",0.0,58.0,micro
15500.0,"burlington, nc",0.0,2466.0,metro
15540.0,"burlington-south burlington, vt",34.0,1120.0,metro
15580.0,"butte-silver bow, mt",16.0,109.0,micro
15620.0,"cadillac, mi",0.0,165.0,micro
15660.0,"calhoun, ga",0.0,414.0,micro
15700.0,"cambridge, md",0.0,81.0,micro
15740.0,"cambridge, oh",0.0,37.0,micro
15780.0,"camden, ar",0.0,18.0,micro
15820.0,"campbellsville, ky",0.0,13.0,micro
15860.0,"cañon city, co",0.0,139.0,micro
15900.0,"canton, il",0.0,14.0,micro
15940.0,"canton-massillon, oh",0.0,530.0,metro
15980.0,"cape coral-fort myers, fl",0.0,15411.0,metro
16020.0,"cape girardeau, mo-il",0.0,81.0,metro
16060.0,"carbondale, il",0.0,5.0,micro
16100.0,"carlsbad-artesia, nm",0.0,156.0,micro
16140.0,"carroll, ia",0.0,32.0,micro
16180.0,"carson city, nv",0.0,264.0,metro
16220.0,"casper, wy",0.0,310.0,metro
16260.0,"cedar city, ut",0.0,655.0,micro
16300.0,"cedar rapids, ia",0.0,1082.0,metro
16340.0,"cedartown, ga",0.0,128.0,micro
16380.0,"celina, oh",0.0,92.0,micro
16460.0,"centralia, il",0.0,2.0,micro
16500.0,"centralia, wa",0.0,265.0,micro
16540.0,"chambersburg, pa",0.0,633.0,metro
16580.0,"champaign-urbana, il",0.0,617.0,metro
16620.0,"charleston, wv",0.0,118.0,metro
16660.0,"charleston-mattoon, il",0.0,34.0,micro
16700.0,"charleston-north charleston, sc",32.0,8538.0,metro
16740.0,"charlotte-concord-gastonia, nc-sc",157.0,25952.0,metro
16820.0,"charlottesville, va",48.0,1252.0,metro
16860.0,"chattanooga, tn-ga",113.25,3599.0,metro
16940.0,"cheyenne, wy",0.0,485.0,metro
16980.0,"chicago-naperville-elgin, il-in",486.25,17516.0,metro
17020.0,"chico, ca",19.5,946.0,metro
17060.0,"chillicothe, oh",0.0,24.0,micro
17140.0,"cincinnati, oh-ky-in",0.0,7055.0,metro
17220.0,"clarksburg, wv",0.0,84.0,micro
17260.0,"clarksdale, ms",24.0,26.0,micro
17300.0,"clarksville, tn-ky",0.0,2801.0,metro
17340.0,"clearlake, ca",0.0,107.0,micro
17380.0,"cleveland, ms",65.33333333333333,10.0,micro
17410.0,"cleveland, oh",0.0,3833.0,metro
17420.0,"cleveland, tn",39.0,979.0,metro
17500.0,"clewiston, fl",0.0,622.0,micro
17540.0,"clinton, ia",0.0,116.0,micro
17580.0,"clovis, nm",0.0,200.0,micro
17620.0,"coamo, pr",0.0,,micro
17640.0,"coco, pr",0.0,,micro
17650.0,"cody, wy",12.0,203.0,micro
17660.0,"coeur d'alene, id",0.0,,metro
17660.0,"coeur dalene, id",,1606.0,metro
17740.0,"coldwater, mi",0.0,43.0,micro
17780.0,"college station-bryan, tx",0.0,2296.0,metro
17820.0,"colorado springs, co",166.66666666666666,4054.0,metro
17860.0,"columbia, mo",0.0,1322.0,metro
17900.0,"columbia, sc",37.333333333333336,5866.0,metro
17980.0,"columbus, ga-al",0.0,681.0,metro
18020.0,"columbus, in",57.0,195.0,metro
18060.0,"columbus, ms",0.0,131.0,micro
18100.0,"columbus, ne",0.0,138.0,micro
18140.0,"columbus, oh",0.0,13521.0,metro
18180.0,"concord, nh",0.0,380.0,micro
18220.0,"connersville, in",0.0,20.0,micro
18260.0,"cookeville, tn",40.0,926.0,micro
18300.0,"coos bay-north bend, or",0.0,122.0,micro
18340.0,"corbin, ky",0.0,81.0,micro
18380.0,"cordele, ga",0.0,21.0,micro
18420.0,"corinth, ms",25.0,13.0,micro
18460.0,"cornelia, ga",0.0,215.0,micro
18500.0,"corning, ny",0.0,196.0,micro
18580.0,"corpus christi, tx",52.0,1945.0,metro
18620.0,"corsicana, tx",75.0,522.0,micro
18660.0,"cortland, ny",0.0,45.0,micro
18700.0,"corvallis, or",0.0,116.0,metro
18740.0,"coshocton, oh",0.0,7.0,micro
18820.0,"crawfordsville, in",0.0,52.0,micro
18860.0,"crescent city, ca",0.0,55.0,micro
18880.0,"crestview-fort walton beach-destin, fl",0.0,4151.0,metro
18900.0,"crossville, tn",0.0,114.0,micro
18980.0,"cullman, al",0.0,180.0,micro
19060.0,"cumberland, md-wv",38.5,88.0,micro
19100.0,"dallas-fort worth-arlington, tx",710.5,72151.0,metro
19140.0,"dalton, ga",0.0,499.0,metro
19180.0,"danville, il",0.0,8.0,micro
19220.0,"danville, ky",0.0,176.0,micro
19260.0,"danville, va",0.0,126.0,micro
19300.0,"daphne-fairhope-foley, al",0.0,3883.0,metro
19340.0,"davenport-moline-rock island, ia-il",0.0,968.0,metro
19430.0,"dayton-kettering-beavercreek, oh",0.0,2030.0,metro
19460.0,"decatur, al",0.0,236.0,metro
19500.0,"decatur, il",105.5,63.0,metro
19540.0,"decatur, in",0.0,78.0,micro
19580.0,"defiance, oh",0.0,41.0,micro
19620.0,"del rio, tx",0.0,85.0,micro
19660.0,"deltona-daytona beach-ormond beach, fl",160.5,5990.0,metro
19700.0,"deming, nm",0.0,7.0,micro
19740.0,"denver-aurora-centennial, co",1083.5,15897.0,metro
19760.0,"deridder, la",0.0,83.0,micro
19780.0,"des moines-west des moines, ia",40.0,5057.0,metro
19810.0,"detroit lakes, mn",0.0,156.0,micro
19820.0,"detroit-warren-dearborn, mi",58.5,7446.0,metro
19860.0,"dickinson, nd",0.0,48.0,micro
19940.0,"dixon, il",0.0,43.0,micro
19980.0,"dodge city, ks",0.0,134.0,micro
20020.0,"dothan, al",0.0,573.0,metro
20060.0,"douglas, ga",0.0,128.0,micro
20100.0,"dover, de",0.0,1201.0,metro
20140.0,"dublin, ga",0.0,55.0,micro
20180.0,"dubois, pa",0.0,99.0,micro
20220.0,"dubuque, ia",0.0,473.0,metro
20260.0,"duluth, mn-wi",0.0,875.0,metro
20300.0,"dumas, tx",0.0,27.0,micro
20340.0,"duncan, ok",0.0,17.0,micro
20420.0,"durango, co",0.0,306.0,micro
20460.0,"durant, ok",0.0,176.0,micro
20500.0,"durham-chapel hill, nc",88.5,3851.0,metro
20540.0,"dyersburg, tn",0.0,74.0,micro
20580.0,"eagle pass, tx",0.0,66.0,metro
20660.0,"easton, md",0.0,158.0,micro
20700.0,"east stroudsburg, pa",0.0,278.0,micro
20740.0,"eau claire, wi",0.0,951.0,metro
20780.0,"edwards, co",75.0,387.0,micro
20820.0,"effingham, il",0.0,27.0,micro
20900.0,"el campo, tx",0.0,191.0,micro
20940.0,"el centro, ca",270.0,271.0,metro
20980.0,"el dorado, ar",0.0,20.0,micro
21020.0,"elizabeth city, nc",0.0,153.0,micro
21060.0,"elizabethtown, ky",0.0,1011.0,metro
21120.0,"elk city, ok",0.0,16.0,micro
21140.0,"elkhart-goshen, in",250.0,484.0,metro
21180.0,"elkins, wv",0.0,3.0,micro
21220.0,"elko, nv",0.0,120.0,micro
21260.0,"ellensburg, wa",54.5,433.0,micro
21300.0,"elmira, ny",0.0,91.0,metro
21340.0,"el paso, tx",143.0,2196.0,metro
21380.0,"emporia, ks",0.0,34.0,micro
21420.0,"enid, ok",0.0,19.0,metro
21460.0,"enterprise, al",0.0,137.0,micro
21500.0,"erie, pa",0.0,364.0,metro
21540.0,"escanaba, mi",0.0,38.0,micro
21580.0,"española, nm",0.0,,micro
21640.0,"eufaula, al-ga",0.0,46.0,micro
21660.0,"eugene-springfield, or",0.0,1808.0,metro
21700.0,"eureka-arcata, ca",0.0,188.0,micro
21740.0,"evanston, wy-ut",0.0,147.0,micro
21780.0,"evansville, in",0.0,801.0,metro
21820.0,"fairbanks-college, ak",0.0,1.0,metro
21860.0,"fairmont, mn",0.0,19.0,micro
21900.0,"fairmont, wv",0.0,3.0,micro
21980.0,"fallon, nv",0.0,45.0,micro
22020.0,"fargo, nd-mn",20.0,1487.0,metro
22060.0,"faribault-northfield, mn",0.0,93.0,micro
22100.0,"farmington, mo",0.0,134.0,micro
22140.0,"farmington, nm",0.0,78.0,metro
22180.0,"fayetteville, nc",0.0,1810.0,metro
22190.0,"fayetteville, tn",0.0,173.0,micro
22220.0,"fayetteville-springdale-rogers, ar",0.0,7882.0,metro
22260.0,"fergus falls, mn",65.0,140.0,micro
22300.0,"findlay, oh",0.0,257.0,micro
22340.0,"fitzgerald, ga",0.0,6.0,micro
22380.0,"flagstaff, az",0.0,698.0,metro
22420.0,"flint, mi",80.0,419.0,metro
22500.0,"florence, sc",0.0,852.0,metro
22520.0,"florence-muscle shoals, al",0.0,255.0,metro
22540.0,"fond du lac, wi",0.0,154.0,metro
22580.0,"forest city, nc",0.0,193.0,micro
22620.0,"forrest city, ar",0.0,3.0,micro
22660.0,"fort collins, co",,1786.0,metro
22660.0,"fort collins-loveland, co",101.0,,metro
22700.0,"fort dodge, ia",0.0,25.0,micro
22780.0,"fort leonard wood, mo",0.0,62.0,micro
22800.0,"fort madison, ia",0.0,15.0,micro
22820.0,"fort morgan, co",0.0,204.0,micro
22840.0,"fort payne, al",0.0,49.0,micro
22900.0,"fort smith, ar-ok",0.0,560.0,metro
23060.0,"fort wayne, in",171.5,2032.0,metro
23140.0,"frankfort, in",0.0,59.0,micro
23180.0,"frankfort, ky",0.0,195.0,micro
23190.0,"franklin, ky",0.0,204.0,micro
23240.0,"fredericksburg, tx",0.0,52.0,micro
23300.0,"freeport, il",0.0,7.0,micro
23340.0,"fremont, ne",0.0,82.0,micro
23380.0,"fremont, oh",0.0,23.0,micro
23420.0,"fresno, ca",215.0,3772.0,metro
23460.0,"gadsden, al",0.0,119.0,metro
23500.0,"gaffney, sc",0.0,200.0,micro
23540.0,"gainesville, fl",0.0,2067.0,metro
23580.0,"gainesville, ga",0.0,2274.0,metro
23620.0,"gainesville, tx",0.0,190.0,micro
23660.0,"galesburg, il",61.5,0.0,micro
23680.0,"gallipolis, oh",0.0,10.0,micro
23700.0,"gallup, nm",0.0,1.0,micro
23780.0,"garden city, ks",0.0,47.0,micro
23820.0,"gardnerville ranchos, nv-ca",0.0,317.0,micro
23900.0,"gettysburg, pa",0.0,403.0,metro
23940.0,"gillette, wy",0.0,32.0,micro
23980.0,"glasgow, ky",0.0,283.0,micro
24020.0,"glens falls, ny",0.0,286.0,metro
24100.0,"gloversville, ny",0.0,112.0,micro
24140.0,"goldsboro, nc",0.0,605.0,metro
24180.0,"granbury, tx",0.0,125.0,micro
24220.0,"grand forks, nd-mn",0.0,175.0,metro
24260.0,"grand island, ne",0.0,310.0,metro
24300.0,"grand junction, co",0.0,1014.0,metro
24330.0,"grand rapids, mn",0.0,121.0,micro
24340.0,"grand rapids-wyoming-kentwood, mi",76.5,4028.0,metro
24420.0,"grants pass, or",0.0,223.0,metro
24460.0,"great bend, ks",0.0,19.0,micro
24500.0,"great falls, mt",0.0,223.0,metro
24540.0,"greeley, co",25.5,3170.0,metro
24580.0,"green bay, wi",0.0,1775.0,metro
24600.0,"greencastle, in",0.0,166.0,micro
24620.0,"greeneville, tn",20.0,333.0,micro
24640.0,"greenfield, ma",0.0,89.0,micro
24660.0,"greensboro-high point, nc",0.0,4976.0,metro
24700.0,"greensburg, in",0.0,66.0,micro
24740.0,"greenville, ms",39.0,10.0,micro
24780.0,"greenville, nc",0.0,1300.0,metro
24820.0,"greenville, oh",0.0,43.0,micro
24860.0,"greenville-anderson-greer, sc",53.333333333333336,8911.0,metro
24900.0,"greenwood, ms",0.0,9.0,micro
24940.0,"greenwood, sc",0.0,338.0,micro
24980.0,"grenada, ms",0.0,93.0,micro
25020.0,"guayama, pr",0.0,,metro
25060.0,"gulfport-biloxi, ms",40.0,3018.0,metro
25100.0,"guymon, ok",0.0,4.0,micro
25180.0,"hagerstown-martinsburg, md-wv",0.0,1794.0,metro
25200.0,"hailey, id",0.0,148.0,micro
25220.0,"hammond, la",0.0,1085.0,metro
25260.0,"hanford-corcoran, ca",13.5,741.0,metro
25300.0,"hannibal, mo",0.0,46.0,micro
25420.0,"harrisburg-carlisle, pa",0.0,1699.0,metro
25460.0,"harrison, ar",0.0,92.0,micro
25500.0,"harrisonburg, va",0.0,770.0,metro
25540.0,"hartford-west hartford-east hartford, ct",,2145.0,
25580.0,"hastings, ne",0.0,225.0,micro
25620.0,"hattiesburg, ms",12.0,166.0,metro
25700.0,"hays, ks",0.0,34.0,micro
25720.0,"heber, ut",0.0,1752.0,micro
25740.0,"helena, mt",24.0,471.0,metro
25770.0,"hemlock farms, pa",0.0,213.0,micro
25775.0,"henderson, ky",0.0,98.0,micro
25780.0,"henderson, nc",0.0,73.0,micro
25820.0,"hereford, tx",0.0,23.0,micro
25840.0,"hermiston-pendleton, or",0.0,262.0,micro
25850.0,"hermitage, pa",0.0,62.0,micro
25860.0,"hickory-lenoir-morganton, nc",0.0,2768.0,metro
25880.0,"hillsdale, mi",0.0,72.0,micro
25900.0,"hilo-kailua, hi",46.0,982.0,micro
25940.0,"hilton head island-bluffton-port royal, sc",0.0,3209.0,metro
25980.0,"hinesville, ga",0.0,769.0,metro
26020.0,"hobbs, nm",0.0,172.0,micro
26090.0,"holland, mi",0.0,419.0,micro
26140.0,"homosassa springs, fl",0.0,2443.0,metro
26220.0,"hood river, or",0.0,36.0,micro
26300.0,"hot springs, ar",0.0,117.0,metro
26340.0,"houghton, mi",0.0,136.0,micro
26380.0,"houma-bayou cane-thibodaux, la",0.0,619.0,metro
26420.0,"houston-pasadena-the woodlands, tx",439.0,65871.0,metro
26460.0,"hudson, ny",0.0,136.0,micro
26500.0,"huntingdon, pa",0.0,70.0,micro
26540.0,"huntington, in",0.0,79.0,micro
26580.0,"huntington-ashland, wv-ky-oh",0.0,280.0,metro
26620.0,"huntsville, al",0.0,5203.0,metro
26660.0,"huntsville, tx",0.0,527.0,micro
26700.0,"huron, sd",0.0,30.0,micro
26740.0,"hutchinson, ks",0.0,40.0,micro
26780.0,"hutchinson, mn",0.0,57.0,micro
26820.0,"idaho falls, id",0.0,2545.0,metro
26860.0,"indiana, pa",0.0,44.0,micro
26900.0,"indianapolis-carmel-greenwood, in",291.25,11890.0,metro
26980.0,"iowa city, ia",0.0,756.0,metro
27020.0,"iron mountain, mi-wi",0.0,80.0,micro
27060.0,"ithaca, ny",55.5,382.0,metro
27100.0,"jackson, mi",145.0,317.0,metro
27140.0,"jackson, ms",169.33333333333334,1126.0,metro
27180.0,"jackson, tn",0.0,446.0,metro
27220.0,"jackson, wy-id",0.0,482.0,micro
27260.0,"jacksonville, fl",106.33333333333333,15006.0,metro
27300.0,"jacksonville, il",0.0,3.0,micro
27340.0,"jacksonville, nc",0.0,1246.0,metro
27380.0,"jacksonville, tx",0.0,39.0,micro
27420.0,"jamestown, nd",0.0,19.0,micro
27460.0,"jamestown-dunkirk, ny",0.0,127.0,micro
27500.0,"janesville-beloit, wi",0.0,629.0,metro
27540.0,"jasper, in",0.0,197.0,micro
27600.0,"jefferson, ga",0.0,2167.0,micro
27620.0,"jefferson city, mo",0.0,219.0,metro
27700.0,"jesup, ga",0.0,163.0,micro
27740.0,"johnson city, tn",0.0,1363.0,metro
27780.0,"johnstown, pa",0.0,64.0,metro
27860.0,"jonesboro, ar",0.0,993.0,metro
27900.0,"joplin, mo-ks",0.0,729.0,metro
27940.0,"juneau, ak",0.0,114.0,micro
27980.0,"kahului-wailuku, hi",110.5,906.0,metro
28020.0,"kalamazoo-portage, mi",19.5,339.0,metro
28060.0,"kalispell, mt",0.0,281.0,micro
28100.0,"kankakee, il",0.0,145.0,metro
28140.0,"kansas city, mo-ks",162.5,9337.0,metro
28180.0,"kapaa, hi",0.0,141.0,micro
28260.0,"kearney, ne",0.0,135.0,micro
28300.0,"keene, nh",45.0,166.0,micro
28340.0,"kendallville, in",75.0,131.0,micro
28380.0,"kennett, mo",0.0,30.0,micro
28420.0,"kennewick-richland, wa",0.0,2513.0,metro
28450.0,"kenosha, wi",55.5,259.0,metro
28500.0,"kerrville, tx",0.0,422.0,micro
28540.0,"ketchikan, ak",0.0,73.0,micro
28580.0,"key west-key largo, fl",0.0,332.0,micro
28620.0,"kill devil hills, nc",0.0,371.0,micro
28660.0,"killeen-temple, tx",0.0,3626.0,metro
28680.0,"kingsland, ga",0.0,383.0,micro
28700.0,"kingsport-bristol, tn-va",161.66666666666666,740.0,metro
28740.0,"kingston, ny",33.0,464.0,metro
28780.0,"kingsville, tx",0.0,24.0,micro
28820.0,"kinston, nc",0.0,148.0,micro
28860.0,"kirksville, mo",0.0,26.0,micro
28880.0,"kiryas joel-poughkeepsie-newburgh, ny",0.0,2366.0,metro
28900.0,"klamath falls, or",0.0,232.0,micro
28940.0,"knoxville, tn",278.0,7001.0,metro
29020.0,"kokomo, in",167.5,194.0,metro
29060.0,"laconia, nh",0.0,301.0,micro
29100.0,"la crosse-onalaska, wi-mn",0.0,433.0,metro
29180.0,"lafayette, la",0.0,2004.0,metro
29200.0,"lafayette-west lafayette, in",50.0,1400.0,metro
29260.0,"la grande, or",0.0,38.0,micro
29300.0,"lagrange, ga-al",0.0,517.0,micro
29340.0,"lake charles, la",0.0,1394.0,metro
29380.0,"lake city, fl",0.0,178.0,micro
29420.0,"lake havasu city-kingman, az",0.0,2543.0,metro
29460.0,"lakeland-winter haven, fl",69.5,10384.0,metro
29470.0,"lake of the woods, va",0.0,412.0,micro
29540.0,"lancaster, pa",32.0,1093.0,metro
29620.0,"lansing-east lansing, mi",66.0,602.0,metro
29660.0,"laramie, wy",0.0,99.0,micro
29700.0,"laredo, tx",0.0,1448.0,metro
29720.0,"lares, pr",0.0,,micro
29740.0,"las cruces, nm",0.0,964.0,metro
29780.0,"las vegas, nm",0.0,0.0,micro
29820.0,"las vegas-henderson-north las vegas, nv",0.0,14754.0,metro
29860.0,"laurel, ms",0.0,26.0,micro
29900.0,"laurinburg, nc",0.0,70.0,micro
29940.0,"lawrence, ks",0.0,246.0,metro
29980.0,"lawrenceburg, tn",0.0,27.0,micro
30020.0,"lawton, ok",0.0,133.0,metro
30060.0,"lebanon, mo",0.0,61.0,micro
30140.0,"lebanon, pa",0.0,315.0,metro
30150.0,"lebanon-claremont, nh-vt",0.0,998.0,micro
30180.0,"le mars, ia",0.0,147.0,micro
30260.0,"lewisburg, pa",0.0,49.0,micro
30280.0,"lewisburg, tn",0.0,400.0,micro
30300.0,"lewiston, id-wa",0.0,226.0,metro
30340.0,"lewiston-auburn, me",12.5,358.0,metro
30380.0,"lewistown, pa",0.0,58.0,micro
30420.0,"lexington, ne",0.0,69.0,micro
30460.0,"lexington-fayette, ky",0.0,2201.0,metro
30500.0,"lexington park, md",0.0,366.0,metro
30580.0,"liberal, ks",0.0,23.0,micro
30620.0,"lima, oh",0.0,88.0,metro
30660.0,"lincoln, il",0.0,10.0,micro
30700.0,"lincoln, ne",0.0,2034.0,metro
30780.0,"little rock-north little rock-conway, ar",0.0,2530.0,metro
30820.0,"lock haven, pa",0.0,44.0,micro
30860.0,"logan, ut-id",22.5,1111.0,metro
30900.0,"logansport, in",0.0,22.0,micro
30980.0,"longview, tx",0.0,316.0,metro
31020.0,"longview-kelso, wa",0.0,348.0,metro
31060.0,"los alamos, nm",0.0,14.0,micro
31080.0,"los angeles-long beach-anaheim, ca",1187.75,26671.0,metro
31140.0,"louisville-jefferson county, ky-in",,5771.0,metro
31140.0,"louisville/jefferson county, ky-in",185.0,,metro
31180.0,"lubbock, tx",0.0,2231.0,metro
31220.0,"ludington, mi",0.0,177.0,micro
31260.0,"lufkin, tx",0.0,120.0,micro
31300.0,"lumberton, nc",33.0,337.0,micro
31340.0,"lynchburg, va",0.0,1404.0,metro
31380.0,"macomb, il",0.0,0.0,micro
31420.0,"macon-bibb county, ga",0.0,591.0,metro
31500.0,"madison, in",0.0,94.0,micro
31540.0,"madison, wi",67.5,5872.0,metro
31580.0,"madisonville, ky",0.0,122.0,micro
31620.0,"magnolia, ar",0.0,14.0,micro
31680.0,"malvern, ar",0.0,4.0,micro
31700.0,"manchester-nashua, nh",0.0,981.0,metro
31740.0,"manhattan, ks",0.0,339.0,metro
31820.0,"manitowoc, wi",0.0,100.0,micro
31860.0,"mankato, mn",22.5,378.0,metro
31900.0,"mansfield, oh",0.0,145.0,metro
31930.0,"marietta, oh",0.0,3.0,micro
31940.0,"marinette, wi-mi",0.0,171.0,micro
31980.0,"marion, in",0.0,52.0,micro
32000.0,"marion, nc",0.0,175.0,micro
32020.0,"marion, oh",0.0,53.0,micro
32060.0,"marion-herrin, il",0.0,130.0,micro
32100.0,"marquette, mi",129.66666666666666,91.0,micro
32140.0,"marshall, mn",0.0,91.0,micro
32180.0,"marshall, mo",0.0,11.0,micro
32260.0,"marshalltown, ia",0.0,35.0,micro
32280.0,"martin, tn",0.0,69.0,micro
32300.0,"martinsville, va",0.0,38.0,micro
32340.0,"maryville, mo",0.0,49.0,micro
32380.0,"mason city, ia",0.0,54.0,micro
32390.0,"massena-ogdensburg, ny",132.5,215.0,micro
32420.0,"mayagüez, pr",0.0,,metro
32460.0,"mayfield, ky",0.0,9.0,micro
32540.0,"mcalester, ok",0.0,46.0,micro
32580.0,"mcallen-edinburg-mission, tx",0.0,7378.0,metro
32620.0,"mccomb, ms",0.0,10.0,micro
32660.0,"mcminnville, tn",0.0,282.0,micro
32700.0,"mcpherson, ks",0.0,102.0,micro
32740.0,"meadville, pa",0.0,83.0,micro
32780.0,"medford, or",0.0,904.0,metro
32820.0,"memphis, tn-ms-ar",111.0,4205.0,metro
32860.0,"menomonie, wi",0.0,151.0,micro
32900.0,"merced, ca",59.0,459.0,metro
32940.0,"meridian, ms",0.0,18.0,micro
33020.0,"mexico, mo",0.0,27.0,micro
33060.0,"miami, ok",0.0,3.0,micro
33100.0,"miami-fort lauderdale-west palm beach, fl",197.5,16136.0,metro
33140.0,"michigan city-la porte, in",0.0,216.0,metro
33180.0,"middlesborough, ky",0.0,44.0,micro
33220.0,"midland, mi",0.0,320.0,metro
33260.0,"midland, tx",140.33333333333334,1509.0,metro
33300.0,"milledgeville, ga",83.0,202.0,micro
33340.0,"milwaukee-waukesha, wi",0.0,3930.0,metro
33380.0,"minden, la",0.0,36.0,micro
33420.0,"mineral wells, tx",0.0,27.0,micro
33460.0,"minneapolis-st. paul-bloomington, mn-wi",972.5,14828.0,metro
33500.0,"minot, nd",27.0,135.0,metro
33540.0,"missoula, mt",101.0,777.0,metro
33580.0,"mitchell, sd",0.0,74.0,micro
33620.0,"moberly, mo",0.0,25.0,micro
33660.0,"mobile, al",0.0,1678.0,metro
33700.0,"modesto, ca",32.5,923.0,metro
33740.0,"monroe, la",0.0,385.0,metro
33780.0,"monroe, mi",0.0,264.0,metro
33860.0,"montgomery, al",0.0,773.0,metro
33900.0,"monticello, in",0.0,47.0,micro
33910.0,"monticello, ny",114.0,739.0,micro
33940.0,"montrose, co",38.0,271.0,micro
33980.0,"morehead city, nc",0.0,935.0,micro
34020.0,"morgan city, la",0.0,37.0,micro
34060.0,"morgantown, wv",0.0,25.0,metro
34100.0,"morristown, tn",0.0,552.0,metro
34140.0,"moscow, id",0.0,199.0,micro
34180.0,"moses lake, wa",23.5,559.0,micro
34220.0,"moultrie, ga",0.0,94.0,micro
34260.0,"mountain home, ar",0.0,47.0,micro
34300.0,"mountain home, id",0.0,129.0,micro
34340.0,"mount airy, nc",0.0,243.0,micro
34380.0,"mount pleasant, mi",0.0,72.0,micro
34420.0,"mount pleasant, tx",0.0,53.0,micro
34460.0,"mount sterling, ky",0.0,56.0,micro
34500.0,"mount vernon, il",0.0,6.0,micro
34540.0,"mount vernon, oh",0.0,195.0,micro
34580.0,"mount vernon-anacortes, wa",0.0,561.0,metro
34620.0,"muncie, in",0.0,171.0,metro
34660.0,"murray, ky",0.0,81.0,micro
34680.0,"murrells inlet, sc",0.0,323.0,micro
34700.0,"muscatine, ia",0.0,65.0,micro
34740.0,"muskegon-norton shores, mi",0.0,438.0,metro
34780.0,"muskogee, ok",0.0,58.0,micro
34820.0,"myrtle beach-conway-north myrtle beach, sc",0.0,7369.0,metro
34860.0,"nacogdoches, tx",0.0,35.0,micro
34880.0,"nantucket, ma",0.0,262.0,micro
34900.0,"napa, ca",52.0,427.0,metro
34940.0,"naples-marco island, fl",0.0,3520.0,metro
34980.0,"nashville-davidson--murfreesboro--franklin, tn",510.25,19947.0,metro
35020.0,"natchez, ms-la",15.0,33.0,micro
35060.0,"natchitoches, la",0.0,95.0,micro
35100.0,"new bern, nc",0.0,631.0,micro
35140.0,"newberry, sc",0.0,155.0,micro
35220.0,"new castle, in",0.0,47.0,micro
35300.0,"new haven, ct",,1059.0,
35340.0,"new iberia, la",0.0,94.0,micro
35380.0,"new orleans-metairie, la",0.0,1627.0,metro
35420.0,"new philadelphia-dover, oh",0.0,244.0,micro
35440.0,"newport, or",55.0,287.0,micro
35460.0,"newport, tn",20.0,13.0,micro
35580.0,"new ulm, mn",0.0,41.0,micro
35620.0,"new york-newark-jersey city, ny-nj",3459.25,58580.0,metro
35660.0,"niles, mi",0.0,397.0,metro
35700.0,"nogales, az",0.0,340.0,micro
35740.0,"norfolk, ne",0.0,293.0,micro
35820.0,"north platte, ne",0.0,69.0,micro
35840.0,"north port-bradenton-sarasota, fl",0.0,14938.0,metro
35900.0,"north wilkesboro, nc",0.0,134.0,micro
35940.0,"norwalk, oh",0.0,40.0,micro
35980.0,"norwich-new london-willimantic, ct",,487.0,
36020.0,"oak harbor, wa",0.0,402.0,micro
36100.0,"ocala, fl",0.0,7071.0,metro
36180.0,"ocean pines, md",0.0,354.0,micro
36220.0,"odessa, tx",144.0,1004.0,metro
36260.0,"ogden, ut",0.0,3287.0,metro
36340.0,"oil city, pa",0.0,42.0,micro
36380.0,"okeechobee, fl",0.0,18.0,micro
36420.0,"oklahoma city, ok",65.0,6896.0,metro
36460.0,"olean, ny",0.0,128.0,micro
36500.0,"olympia-lacey-tumwater, wa",119.5,1222.0,metro
36540.0,"omaha, ne-ia",0.0,7214.0,metro
36580.0,"oneonta, ny",0.0,133.0,micro
36620.0,"ontario, or-id",0.0,274.0,micro
36660.0,"opelousas, la",0.0,142.0,micro
36700.0,"orangeburg, sc",0.0,87.0,micro
36740.0,"orlando-kissimmee-sanford, fl",60.0,23644.0,metro
36780.0,"oshkosh-neenah, wi",16.5,652.0,metro
36820.0,"oskaloosa, ia",0.0,13.0,micro
36830.0,"othello, wa",0.0,49.0,micro
36837.0,"ottawa, il",0.0,109.0,micro
36840.0,"ottawa, ks",0.0,85.0,micro
36900.0,"ottumwa, ia",0.0,44.0,micro
36940.0,"owatonna, mn",0.0,28.0,micro
36980.0,"owensboro, ky",0.0,227.0,metro
37020.0,"owosso, mi",0.0,74.0,micro
37060.0,"oxford, ms",0.0,527.0,micro
37100.0,"oxnard-thousand oaks-ventura, ca",49.0,1759.0,metro
37120.0,"ozark, al",0.0,38.0,micro
37140.0,"paducah, ky-il",0.0,192.0,metro
37220.0,"pahrump, nv",0.0,,micro
37260.0,"palatka, fl",0.0,113.0,micro
37300.0,"palestine, tx",0.0,29.0,micro
37340.0,"palm bay-melbourne-titusville, fl",0.0,4602.0,metro
37420.0,"pampa, tx",0.0,7.0,micro
37460.0,"panama city-panama city beach, fl",0.0,2690.0,metro
37500.0,"paragould, ar",0.0,265.0,micro
37540.0,"paris, tn",0.0,19.0,micro
37580.0,"paris, tx",0.0,133.0,micro
37620.0,"parkersburg-vienna, wv",0.0,138.0,metro
37740.0,"payson, az",0.0,217.0,micro
37800.0,"pella, ia",0.0,122.0,micro
37860.0,"pensacola-ferry pass-brent, fl",36.0,3462.0,metro
37900.0,"peoria, il",0.0,196.0,metro
37940.0,"peru, in",39.0,35.0,micro
37950.0,"petoskey, mi",0.0,161.0,micro
37980.0,"philadelphia-camden-wilmington, pa-nj-de-md",183.0,13624.0,metro
38060.0,"phoenix-mesa-chandler, az",196.0,45515.0,metro
38100.0,"picayune, ms",0.0,326.0,micro
38180.0,"pierre, sd",0.0,147.0,micro
38210.0,"pikeville, ky",0.0,9.0,micro
38220.0,"pine bluff, ar",0.0,62.0,micro
38240.0,"pinehurst-southern pines, nc",0.0,941.0,metro
38260.0,"pittsburg, ks",0.0,65.0,micro
38300.0,"pittsburgh, pa",50.5,5469.0,metro
38340.0,"pittsfield, ma",20.5,130.0,metro
38380.0,"plainview, tx",0.0,13.0,micro
38420.0,"platteville, wi",0.0,120.0,micro
38460.0,"plattsburgh, ny",0.0,192.0,micro
38500.0,"plymouth, in",0.0,147.0,micro
38540.0,"pocatello, id",0.0,325.0,metro
38620.0,"ponca city, ok",0.0,11.0,micro
38660.0,"ponce, pr",0.0,,metro
38700.0,"pontiac, il",51.5,35.0,micro
38740.0,"poplar bluff, mo",0.0,63.0,micro
38820.0,"port angeles, wa",109.0,166.0,micro
38860.0,"portland-south portland, me",91.5,2984.0,metro
38900.0,"portland-vancouver-hillsboro, or-wa",362.5,9129.0,metro
38920.0,"port lavaca, tx",0.0,95.0,micro
38940.0,"port st. lucie, fl",0.0,5605.0,metro
39020.0,"portsmouth, oh",0.0,8.0,micro
39040.0,"port townsend, wa",0.0,147.0,micro
39060.0,"pottsville, pa",0.0,169.0,micro
39150.0,"prescott valley-prescott, az",0.0,2062.0,metro
39220.0,"price, ut",0.0,196.0,micro
39300.0,"providence-warwick, ri-ma",113.33333333333333,2441.0,metro
39340.0,"provo-orem-lehi, ut",0.0,6433.0,metro
39380.0,"pueblo, co",76.5,269.0,metro
39420.0,"pullman, wa",0.0,49.0,micro
39460.0,"punta gorda, fl",0.0,4585.0,metro
39480.0,"putnam, ct",,149.0,
39500.0,"quincy, il-mo",87.5,68.0,micro
39540.0,"racine-mount pleasant, wi",0.0,505.0,metro
39580.0,"raleigh-cary, nc",182.5,18980.0,metro
39660.0,"rapid city, sd",0.0,1551.0,metro
39700.0,"raymondville, tx",0.0,36.0,micro
39740.0,"reading, pa",0.0,258.0,metro
39780.0,"red bluff, ca",0.0,186.0,micro
39820.0,"redding, ca",40.5,246.0,metro
39860.0,"red wing, mn",0.0,86.0,micro
39900.0,"reno, nv",265.0,4391.0,metro
39940.0,"rexburg, id",0.0,409.0,micro
39960.0,"rice lake, wi",0.0,156.0,micro
39980.0,"richmond, in",0.0,38.0,micro
40060.0,"richmond, va",622.0,8625.0,metro
40080.0,"richmond-berea, ky",0.0,453.0,micro
40090.0,"rifle, co",0.0,316.0,micro
40100.0,"rio grande city-roma, tx",0.0,0.0,micro
40140.0,"riverside-san bernardino-ontario, ca",270.6666666666667,14653.0,metro
40180.0,"riverton, wy",0.0,22.0,micro
40220.0,"roanoke, va",0.0,1054.0,metro
40260.0,"roanoke rapids, nc",0.0,72.0,micro
40300.0,"rochelle, il",0.0,113.0,micro
40340.0,"rochester, mn",0.0,1521.0,metro
40380.0,"rochester, ny",232.5,1826.0,metro
40420.0,"rockford, il",64.0,341.0,metro
40460.0,"rockingham, nc",0.0,54.0,micro
40540.0,"rock springs, wy",0.0,47.0,micro
40580.0,"rocky mount, nc",0.0,550.0,metro
40620.0,"rolla, mo",40.0,162.0,micro
40660.0,"rome, ga",40.0,355.0,metro
40700.0,"roseburg, or",0.0,190.0,micro
40740.0,"roswell, nm",0.0,88.0,micro
40760.0,"ruidoso, nm",0.0,92.0,micro
40770.0,"russellville, al",0.0,15.0,micro
40780.0,"russellville, ar",0.0,65.0,micro
40820.0,"ruston, la",0.0,171.0,micro
40860.0,"rutland, vt",20.0,90.0,micro
40900.0,"sacramento-roseville-folsom, ca",245.5,11518.0,metro
40940.0,"safford, az",0.0,137.0,micro
40980.0,"saginaw, mi",0.0,154.0,metro
41060.0,"st. cloud, mn",0.0,743.0,metro
41100.0,"st. george, ut",100.0,3140.0,metro
41140.0,"st. joseph, mo-ks",0.0,79.0,metro
41180.0,"st. louis, mo-il",23.0,6691.0,metro
41260.0,"st. marys, pa",0.0,53.0,micro
41400.0,"salem, oh",0.0,49.0,micro
41420.0,"salem, or",27.0,1768.0,metro
41460.0,"salina, ks",0.0,305.0,micro
41500.0,"salinas, ca",95.0,530.0,metro
41540.0,"salisbury, md",60.0,327.0,metro
41620.0,"salt lake city-murray, ut",356.3333333333333,5837.0,metro
41660.0,"san angelo, tx",0.0,233.0,metro
41700.0,"san antonio-new braunfels, tx",1100.5,14776.0,metro
41740.0,"san diego-chula vista-carlsbad, ca",597.0,11759.0,metro
41760.0,"sandpoint, id",0.0,147.0,micro
41780.0,"sandusky, oh",0.0,256.0,metro
41820.0,"sanford, nc",25.0,602.0,micro
41860.0,"san francisco-oakland-fremont, ca",1287.5,5829.0,metro
41940.0,"san jose-sunnyvale-santa clara, ca",296.75,4119.0,metro
41980.0,"san juan-bayamón-caguas, pr",0.0,,metro
42020.0,"san luis obispo-paso robles, ca",45.333333333333336,1104.0,metro
42100.0,"santa cruz-watsonville, ca",51.0,224.0,metro
42140.0,"santa fe, nm",0.0,244.0,metro
42200.0,"santa maria-santa barbara, ca",62.5,719.0,metro
42220.0,"santa rosa-petaluma, ca",140.66666666666666,1039.0,metro
42300.0,"sault ste. marie, mi",0.0,92.0,micro
42340.0,"savannah, ga",0.0,4040.0,metro
42380.0,"sayre, pa",0.0,66.0,micro
42420.0,"scottsbluff, ne",0.0,33.0,micro
42460.0,"scottsboro, al",0.0,46.0,micro
42540.0,"scranton--wilkes-barre, pa",0.0,633.0,metro
42580.0,"seaford, de",0.0,4354.0,micro
42620.0,"searcy, ar",0.0,219.0,micro
42660.0,"seattle-tacoma-bellevue, wa",1875.75,17746.0,metro
42680.0,"sebastian-vero beach-west vero corridor, fl",0.0,564.0,metro
42700.0,"sebring, fl",0.0,,metro
42700.0,"sebring-, fl",,980.0,metro
42740.0,"sedalia, mo",0.0,109.0,micro
42780.0,"selinsgrove, pa",0.0,48.0,micro
42820.0,"selma, al",0.0,7.0,micro
42860.0,"seneca, sc",0.0,648.0,micro
42900.0,"seneca falls, ny",0.0,48.0,micro
42940.0,"sevierville, tn",0.0,1594.0,micro
42980.0,"seymour, in",0.0,101.0,micro
43020.0,"shawano, wi",0.0,91.0,micro
43060.0,"shawnee, ok",0.0,183.0,micro
43100.0,"sheboygan, wi",0.0,383.0,metro
43140.0,"shelby-kings mountain, nc",0.0,461.0,micro
43180.0,"shelbyville, tn",0.0,630.0,micro
43220.0,"shelton, wa",0.0,299.0,micro
43260.0,"sheridan, wy",37.5,309.0,micro
43300.0,"sherman-denison, tx",0.0,2272.0,metro
43320.0,"show low, az",25.5,485.0,micro
43340.0,"shreveport-bossier city, la",0.0,1050.0,metro
43380.0,"sidney, oh",0.0,337.0,micro
43420.0,"sierra vista-douglas, az",30.0,437.0,metro
43460.0,"sikeston, mo",0.0,130.0,micro
43500.0,"silver city, nm",0.0,,micro
43580.0,"sioux city, ia-ne-sd",0.0,253.0,metro
43620.0,"sioux falls, sd-mn",59.5,2774.0,metro
43640.0,"slidell-mandeville-covington, la",0.0,1064.0,metro
43660.0,"snyder, tx",0.0,32.0,micro
43700.0,"somerset, ky",0.0,117.0,micro
43740.0,"somerset, pa",0.0,78.0,micro
43760.0,"sonora, ca",0.0,60.0,micro
43780.0,"south bend-mishawaka, in-mi",105.0,882.0,metro
43890.0,"sparta, wi",0.0,93.0,micro
43900.0,"spartanburg, sc",40.5,3186.0,metro
43940.0,"spearfish, sd",0.0,217.0,micro
43980.0,"spencer, ia",0.0,11.0,micro
44020.0,"spirit lake, ia",0.0,295.0,micro
44060.0,"spokane-spokane valley, wa",94.66666666666667,3949.0,metro
44100.0,"springfield, il",14.0,234.0,metro
44140.0,"springfield, ma",152.5,453.0,metro
44180.0,"springfield, mo",0.0,2203.0,metro
44220.0,"springfield, oh",0.0,232.0,metro
44260.0,"starkville, ms",0.0,74.0,micro
44300.0,"state college, pa",0.0,399.0,metro
44340.0,"statesboro, ga",0.0,694.0,micro
44420.0,"staunton-stuarts draft, va",0.0,566.0,metro
44460.0,"steamboat springs, co",0.0,615.0,micro
44500.0,"stephenville, tx",0.0,110.0,micro
44540.0,"sterling, co",0.0,11.0,micro
44580.0,"sterling, il",0.0,19.0,micro
44620.0,"stevens point-plover, wi",0.0,255.0,micro
44660.0,"stillwater, ok",0.0,182.0,micro
44700.0,"stockton-lodi, ca",29.666666666666668,3779.0,metro
44740.0,"storm lake, ia",0.0,164.0,micro
44780.0,"sturgis, mi",0.0,125.0,micro
44860.0,"sulphur springs, tx",0.0,66.0,micro
44900.0,"summerville, ga",0.0,2.0,micro
44940.0,"sumter, sc",0.0,386.0,metro
44980.0,"sunbury, pa",0.0,108.0,micro
45000.0,"susanville, ca",0.0,6.0,micro
45020.0,"sweetwater, tx",0.0,15.0,micro
45060.0,"syracuse, ny",85.0,925.0,metro
45140.0,"tahlequah, ok",0.0,48.0,micro
45180.0,"talladega-sylacauga, al",0.0,189.0,micro
45220.0,"tallahassee, fl",0.0,2404.0,metro
45300.0,"tampa-st. petersburg-clearwater, fl",163.33333333333334,20999.0,metro
45340.0,"taos, nm",0.0,127.0,micro
45380.0,"taylorville, il",0.0,26.0,micro
45460.0,"terre haute, in",0.0,162.0,metro
45500.0,"texarkana, tx-ar",121.0,162.0,metro
45520.0,"the dalles, or",0.0,48.0,micro
45580.0,"thomaston, ga",0.0,111.0,micro
45620.0,"thomasville, ga",0.0,268.0,micro
45660.0,"tiffin, oh",0.0,45.0,micro
45700.0,"tifton, ga",0.0,185.0,micro
45740.0,"toccoa, ga",0.0,52.0,micro
45780.0,"toledo, oh",0.0,932.0,metro
45820.0,"topeka, ks",0.0,387.0,metro
45860.0,"torrington, ct",,154.0,
45880.0,"town of pecos, tx",0.0,22.0,micro
45900.0,"traverse city, mi",0.0,1232.0,metro
45940.0,"trenton-princeton, nj",0.0,2256.0,metro
45980.0,"troy, al",0.0,42.0,micro
46020.0,"truckee-grass valley, ca",33.5,215.0,micro
46060.0,"tucson, az",50.0,5268.0,metro
46100.0,"tullahoma-manchester, tn",0.0,420.0,micro
46140.0,"tulsa, ok",0.0,4304.0,metro
46180.0,"tupelo, ms",0.0,169.0,micro
46220.0,"tuscaloosa, al",0.0,639.0,metro
46300.0,"twin falls, id",0.0,735.0,metro
46340.0,"tyler, tx",50.0,595.0,metro
46380.0,"ukiah, ca",15.0,8.0,micro
46460.0,"union city, tn",0.0,21.0,micro
46500.0,"urbana, oh",0.0,42.0,micro
46520.0,"urban honolulu, hi",174.66666666666666,1638.0,metro
46540.0,"utica-rome, ny",72.0,258.0,metro
46580.0,"utuado, pr",0.0,,micro
46620.0,"uvalde, tx",0.0,17.0,micro
46660.0,"valdosta, ga",0.0,983.0,metro
46700.0,"vallejo, ca",120.0,1472.0,metro
46780.0,"van wert, oh",0.0,44.0,micro
46820.0,"vermillion, sd",0.0,28.0,micro
46860.0,"vernal, ut",0.0,85.0,micro
46900.0,"vernon, tx",0.0,19.0,micro
46980.0,"vicksburg, ms",0.0,12.0,micro
47020.0,"victoria, tx",0.0,53.0,metro
47080.0,"vidalia, ga",0.0,56.0,micro
47180.0,"vincennes, in",0.0,36.0,micro
47220.0,"vineland, nj",0.0,216.0,metro
47240.0,"vineyard haven, ma",0.0,97.0,micro
47260.0,"virginia beach-chesapeake-norfolk, va-nc",326.6666666666667,4912.0,metro
47300.0,"visalia, ca",29.666666666666668,1447.0,metro
47340.0,"wabash, in",0.0,42.0,micro
47380.0,"waco, tx",0.0,1033.0,metro
47420.0,"wahpeton, nd-mn",0.0,53.0,micro
47460.0,"walla walla, wa",43.666666666666664,206.0,metro
47540.0,"wapakoneta, oh",0.0,121.0,micro
47580.0,"warner robins, ga",0.0,1694.0,metro
47620.0,"warren, pa",0.0,53.0,micro
47660.0,"warrensburg, mo",0.0,80.0,micro
47700.0,"warsaw, in",0.0,261.0,micro
47780.0,"washington, in",0.0,71.0,micro
47820.0,"washington, nc",0.0,216.0,micro
47900.0,"washington-arlington-alexandria, dc-va-md-wv",1042.0,21931.0,metro
47920.0,"washington court house, oh",0.0,71.0,micro
47930.0,"waterbury-shelton, ct",,502.0,
47940.0,"waterloo-cedar falls, ia",0.0,335.0,metro
47980.0,"watertown, sd",0.0,160.0,micro
48020.0,"watertown-fort atkinson, wi",0.0,145.0,micro
48060.0,"watertown-fort drum, ny",0.0,196.0,metro
48140.0,"wausau, wi",0.0,298.0,metro
48180.0,"waycross, ga",0.0,133.0,micro
48200.0,"waynesville, nc",0.0,537.0,micro
48220.0,"weatherford, ok",0.0,29.0,micro
48260.0,"weirton-steubenville, wv-oh",0.0,19.0,metro
48300.0,"wenatchee-east wenatchee, wa",20.0,1025.0,metro
48460.0,"west plains, mo",0.0,53.0,micro
48540.0,"wheeling, wv-oh",76.0,12.0,metro
48580.0,"whitewater-elkhorn, wi",0.0,474.0,micro
48620.0,"wichita, ks",0.0,3010.0,metro
48660.0,"wichita falls, tx",0.0,269.0,metro
48680.0,"wildwood-the villages, fl",0.0,3961.0,metro
48700.0,"williamsport, pa",0.0,73.0,metro
48780.0,"williston, nd",0.0,90.0,micro
48820.0,"willmar, mn",0.0,196.0,micro
48900.0,"wilmington, nc",0.0,9636.0,metro
48940.0,"wilmington, oh",0.0,119.0,micro
48980.0,"wilson, nc",0.0,580.0,micro
49010.0,"winchester, tn",0.0,422.0,micro
49020.0,"winchester, va-wv",0.0,1087.0,metro
49080.0,"winnemucca, nv",0.0,37.0,micro
49100.0,"winona, mn",0.0,37.0,micro
49180.0,"winston-salem, nc",84.0,5536.0,metro
49220.0,"wisconsin rapids-marshfield, wi",0.0,122.0,micro
49260.0,"woodward, ok",0.0,2.0,micro
49300.0,"wooster, oh",0.0,284.0,micro
49340.0,"worcester, ma",259.0,2293.0,metro
49380.0,"worthington, mn",0.0,19.0,micro
49420.0,"yakima, wa",92.5,468.0,metro
49460.0,"yankton, sd",0.0,179.0,micro
49620.0,"york-hanover, pa",0.0,1328.0,metro
49660.0,"youngstown-warren, oh",0.0,276.0,metro
49700.0,"yuba city, ca",12.0,823.0,metro
49740.0,"yuma, az",0.0,1399.0,metro
49780.0,"zanesville, oh",0.0,140.0,micro
49820.0,"zapata, tx",0.0,,micro
99999.0,[not in any cbsa],475.5,, 
